binding, title, isbn
hardcover, Unstoppable,9781250007148
hardcover, My Life on the Road,9780679456209
hardcover, Between the World and Me,9780812993547
hardcover, Unfaithful Music & Disappearing Ink,9780399167256
hardcover, Bassoon King,9780525954538
hardcover, Modern Romance,9781594206276
paperback,Mindfulness Coloring Book,9781615192823
paperback,Martian,9780553418026
paperback,Opposite of Loneliness,9781476753911
paperback,Everything I Never Told You,9780143127550
paperback,Betrayal,9780316271530
paperback,Boston Girl,9781439199367
paperback,Occupation Trilogy,9781632863720
